ID,Nombre,Correo,Contraseña,Tipo
1,Carlos,carlos1@gmail.com,carlos123,0
2,María,maría2@gmail.com,maría123,1
3,José,josé3@gmail.com,josé123,1
4,Lucía,lucía4@gmail.com,lucía123,1
5,Antonio,antonio5@gmail.com,antonio123,1
6,Carmen,carmen6@gmail.com,carmen123,1
7,Manuel,manuel7@gmail.com,manuel123,0
8,Laura,laura8@gmail.com,laura123,1
9,Francisco,francisco9@gmail.com,francisco123,0
10,Elena,elena10@gmail.com,elena123,0
